,URL,Category,Title,Image URL,Price,Details
0,https://www.amazon.fr/dp/0004176367,book,"Sechs sonaten op. iva, heft 2","https://images-na.ssl-images-amazon.com/images/I/41xPktWtunL._SX370_BO1,204,203,200_.jpg",N/A,N/A
1,https://www.amazon.it/dp/0004176367,book,Sechs Sonaten für Violine (Flöte) und Cembalo (Klavier) op. 4a. Heft 2: Sonaten 4-6. (EB 8328),"https://images-na.ssl-images-amazon.com/images/I/41xPktWtunL._SX370_BO1,204,203,200_.jpg",N/A,N/A
2,https://www.amazon.fr/dp/0004176421,book,Studien neuer musik cello violoncelle,"https://images-na.ssl-images-amazon.com/images/I/61IAsWPndhL._SX375_BO1,204,203,200_.jpg",N/A,N/A
3,https://www.amazon.it/dp/0004176421,book,PRO MUSICA NOVA - Studien zum Spielen Neuer Musik für Violoncello (EB 8334),"https://images-na.ssl-images-amazon.com/images/I/61IAsWPndhL._SX375_BO1,204,203,200_.jpg",N/A,N/A
4,https://www.amazon.de/dp/0004176448,book,"Be still, my soul Hymne über ein Thema aus Finlandia op. 26 - Ausgabe für mitteler Stimme und Klavier (EB 8336)","https://images-na.ssl-images-amazon.com/images/I/41m3zpHezeL._SX376_BO1,204,203,200_.jpg",€6.90,"Product details
Publisher : Breitkopf & Härtel (6 Oct. 1983)
Language : German
Paperback : 4 pages
ISBN-10 : 0004176448
ISBN-13 : 979-0004176443
Best Sellers Rank: 3,107,200 in Books (See Top 100 in Books)
1,242 in Choral Songbooks
Customer reviews:
2 ratings"
5,https://www.amazon.fr/dp/0004176448,book,"Be still, my soul","https://images-na.ssl-images-amazon.com/images/I/41m3zpHezeL._SX376_BO1,204,203,200_.jpg",N/A,N/A
6,https://www.amazon.de/dp/0004176731,book,6 Sonaten für Flöte und Violine op. 51 Heft 1 (EB 8366),"https://images-na.ssl-images-amazon.com/images/I/416f3UzInjL._SX375_BO1,204,203,200_.jpg",€16.90,"Product details
Publisher : Breitkopf & Härtel (26 July 1985)
Language : German
Sheet music : 48 pages
ISBN-10 : 0004176731
ISBN-13 : 978-0004176734
Best Sellers Rank: 2,852,916 in Books (See Top 100 in Books)
53,796 in Scores, Songbooks & Lyrics"
7,https://www.amazon.fr/dp/0004176731,book,"Sechs sonaten op. 51, heft 1","https://images-na.ssl-images-amazon.com/images/I/416f3UzInjL._SX375_BO1,204,203,200_.jpg",N/A,N/A
8,https://www.amazon.de/dp/0004176839,book,MESSE B-DUR D 324,"https://images-na.ssl-images-amazon.com/images/I/41Wgv08etKL._SX350_BO1,204,203,200_.jpg",€13.93,"Product details
Publisher : BREITKOPF (1 Jan. 2000)
Language : French
ISBN-10 : 0004176839
ISBN-13 : 978-0004176833"
9,https://www.amazon.fr/dp/0004176839,book,Messe b-dur d 324,"https://images-na.ssl-images-amazon.com/images/I/41Wgv08etKL._SX350_BO1,204,203,200_.jpg",N/A,N/A
10,https://www.amazon.de/dp/0004176847,book,3 Suiten für 2 Violoncelli (EB 8378),"https://images-na.ssl-images-amazon.com/images/I/41l10GJkCcL._SX375_BO1,204,203,200_.jpg",€13.90,"Product details
Publisher : Breitkopf & Härtel (15 Jun. 1984)
Language : German
Sheet music : 32 pages
ISBN-10 : 0004176847
ISBN-13 : 979-0004176849
Dimensions : 30.5 x 23 x 0.48 cm
Best Sellers Rank: 1,238,114 in Books (See Top 100 in Books)
54 in Cello Songbooks
Customer reviews:
1 rating"
11,https://www.amazon.fr/dp/0004176847,book,Drei suiten,"https://images-na.ssl-images-amazon.com/images/I/41l10GJkCcL._SX375_BO1,204,203,200_.jpg","23,17 €","Détails sur le produit
Éditeur : BREITKOPF (1 janvier 2000)
Langue : Allemand
Partition : 32 pages
ISBN-10 : 0004176847
ISBN-13 : 979-0004176849
Poids de l'article : 401 g
Dimensions : 30.5 x 23 x 0.48 cm
Commentaires client :
1 évaluation"
12,https://www.amazon.de/dp/0004176960,book,SONATEN(4) 2 FLUTE A BEC,"https://images-na.ssl-images-amazon.com/images/I/51fBTXVoajL._SX377_BO1,204,203,200_.jpg",€22.78,"Product details
Publisher : BREITKOPF (1 Jan. 2000)
Language : French
ISBN-10 : 0004176960
ISBN-13 : 979-0004176962
Dimensions : 30.5 x 23 x 0.36 cm
Best Sellers Rank: 4,059,448 in Books (See Top 100 in Books)
1,093 in Flute Songbooks
2,715,932 in Foreign Language Books"
13,https://www.amazon.fr/dp/0004176960,book,Sonaten(4) 2 flute a bec,"https://images-na.ssl-images-amazon.com/images/I/51fBTXVoajL._SX377_BO1,204,203,200_.jpg","17,23 €","Détails sur le produit
Éditeur : BREITKOPF (1 janvier 2000)
Langue : Français
ISBN-10 : 0004176960
ISBN-13 : 979-0004176962
Poids de l'article : 501 g
Dimensions : 30.5 x 23 x 0.36 cm"
14,https://www.amazon.de/dp/0004176995,book,Leichte Klaviermusik aus vier Jahrhunderten Heft 2 (EB 8393),"https://images-na.ssl-images-amazon.com/images/I/516fPDF0-KL._SX378_BO1,204,203,200_.jpg",N/A,N/A
15,https://www.amazon.fr/dp/0004176995,book,Leichte klaviermusik bd. 2 piano,"https://images-na.ssl-images-amazon.com/images/I/516fPDF0-KL._SX378_BO1,204,203,200_.jpg","28,00 €","Détails sur le produit
Éditeur : BREITKOPF (1 janvier 2000)
Langue : Allemand
Broché : 68 pages
ISBN-10 : 0004176995
ISBN-13 : 979-0004176993
Poids de l'article : 601 g"
16,https://www.amazon.de/dp/0004177118,book,Sämtliche Orgelwerke - Breitkopf Urtext (EB 8405),"https://images-na.ssl-images-amazon.com/images/I/41MjkvdiswL._SY377_BO1,204,203,200_.jpg",€21.90,"Product details
Publisher : Breitkopf & Härtel (26 Jan. 1984)
Language : German
Sheet music : 36 pages
ISBN-10 : 0004177118
ISBN-13 : 978-0004177113
Dimensions : 23 x 30.5 x 0.23 cm
Best Sellers Rank: 3,689,802 in Books (See Top 100 in Books)
34,430 in Piano, Vocal & Guitar Songbooks
Customer reviews:
3 ratings"
17,https://www.amazon.fr/dp/0004177118,book,Samtliche orgelwerke orgue,"https://images-na.ssl-images-amazon.com/images/I/41MjkvdiswL._SY377_BO1,204,203,200_.jpg",N/A,N/A
18,https://www.amazon.de/dp/0004177134,book,Sämtliche Werke für Tasteninstrument (EB 8407),"https://images-na.ssl-images-amazon.com/images/I/416x5uSUVYL._SX375_BO1,204,203,200_.jpg",€51.90,"Product details
Publisher : Breitkopf & Härtel (29 Sept. 1983)
Language : German
Paperback : 144 pages
ISBN-10 : 0004177134
ISBN-13 : 979-0004177136
Best Sellers Rank: 2,400,654 in Books (See Top 100 in Books)
23,116 in Piano, Vocal & Guitar Songbooks"
19,https://www.amazon.fr/dp/0004177134,book,Samtliche werke fur tasteninst,"https://images-na.ssl-images-amazon.com/images/I/416x5uSUVYL._SX375_BO1,204,203,200_.jpg",N/A,N/A
20,https://www.amazon.de/dp/0004177347,book,Offertorium D 963 - Intende voci orationis - Klavierauszug (EB 8429),"https://images-na.ssl-images-amazon.com/images/I/41iwGNketRL._SX350_BO1,204,203,200_.jpg",€7.90,"Product details
Publisher : Breitkopf & Härtel (25 July 1985)
Language : English
Sheet music : 32 pages
ISBN-10 : 0004177347
ISBN-13 : 979-0004177341
Dimensions : 27 x 19 x 0.28 cm"
21,https://www.amazon.fr/dp/0004177347,book,Offertorium intende voci d 963,"https://images-na.ssl-images-amazon.com/images/I/41iwGNketRL._SX350_BO1,204,203,200_.jpg",N/A,N/A
22,https://www.amazon.fr/dp/0004177371,book,Trompetenkonzert es hob viie:1 trompette,"https://images-na.ssl-images-amazon.com/images/I/41eZOvqCCpL._SX375_BO1,204,203,200_.jpg","17,63 €","Détails sur le produit
Éditeur : BREITKOPF (1 janvier 2000)
Langue : Allemand
Partition : 44 pages
ISBN-10 : 0004177371
ISBN-13 : 979-0004177372
Poids de l'article : 401 g
Dimensions : 30.5 x 23 x 0.32 cm"
23,https://www.amazon.it/dp/0004177371,book,Trompetenkonzert Es-dur Hob VIIe:1 - Ausgabe für Trompete und Klavier mit zusätzl. B-Trompetenstimme (EB 8432),"https://images-na.ssl-images-amazon.com/images/I/41eZOvqCCpL._SX375_BO1,204,203,200_.jpg","19,55 €","Dettagli prodotto
Editore : Breitkopf & Härtel (1 gennaio 2000)
Lingua : Tedesco
Spartito musicale : 44 pagine
ISBN-10 : 0004177371
ISBN-13 : 979-0004177372
Peso articolo : 401 g
Dimensioni : 30.5 x 23 x 0.32 cm"
24,https://www.amazon.fr/dp/0004177649,book,Grand duo aus kv 309 und 264 flute traversiere,"https://images-na.ssl-images-amazon.com/images/I/31Jz-h4hO2L._SX352_BO1,204,203,200_.jpg",N/A,N/A
25,https://www.amazon.it/dp/0004177649,book,Grand Duo aus KV 309 und 264 für 2 Flöten (EB 8468),"https://images-na.ssl-images-amazon.com/images/I/31Jz-h4hO2L._SX352_BO1,204,203,200_.jpg",N/A,N/A
26,https://www.amazon.de/dp/0004177940,book,Musik für Trompete und Orgel Heft I: 8 Choralbearbeitungen von J.S. Bach (EB 8501),"https://images-na.ssl-images-amazon.com/images/I/510rpryySML._SY369_BO1,204,203,200_.jpg",N/A,N/A
27,https://www.amazon.fr/dp/0004177940,book,Musik fur trompete & orgel 1 trompette,"https://images-na.ssl-images-amazon.com/images/I/510rpryySML._SY369_BO1,204,203,200_.jpg",N/A,N/A
28,https://www.amazon.de/dp/0004177967,book,"Musik für Trompete und Orgel Heft III: Voluntaries, Sonaten und Konzerte aus dem 17. und 18. Jahrhundert (EB 8503)","https://images-na.ssl-images-amazon.com/images/I/51UVymuxKZL._SY370_BO1,204,203,200_.jpg",N/A,N/A
29,https://www.amazon.fr/dp/0004177967,book,Musik fur trompete und orgel 3 trompette,"https://images-na.ssl-images-amazon.com/images/I/51UVymuxKZL._SY370_BO1,204,203,200_.jpg","26,59 €","Détails sur le produit
Éditeur : BREITKOPF (1 janvier 2000)
Langue : Allemand
Partition : 80 pages
ISBN-10 : 0004177967
ISBN-13 : 978-0004177960
Poids de l'article : 601 g"
30,https://www.amazon.de/dp/0004177975,book,"Musik für Trompete und Orgel Heft IV: Voluntaries, Sonaten und Konzerte aus dem 17. und 18. Jahrhundert (EB 8504)","https://images-na.ssl-images-amazon.com/images/I/513vM22AKHL._SY367_BO1,204,203,200_.jpg",€19.90,"Product details
Publisher : Breitkopf & Härtel (21 Mar. 1991)
Language : German
Paperback : 72 pages
ISBN-10 : 0004177975
ISBN-13 : 979-0004177976
Best Sellers Rank: 4,345,614 in Books (See Top 100 in Books)
38,469 in Piano, Vocal & Guitar Songbooks"
31,https://www.amazon.fr/dp/0004177975,book,Musik fur trompete und orgel 4 trompette,"https://images-na.ssl-images-amazon.com/images/I/513vM22AKHL._SY367_BO1,204,203,200_.jpg",N/A,N/A
32,https://www.amazon.de/dp/0004178033,book,12 Stücke op. 59 für Orgel - Breitkopf Urtext (EB 8510),"https://images-na.ssl-images-amazon.com/images/I/41N9Espu+0L._SX376_BO1,204,203,200_.jpg",N/A,N/A
33,https://www.amazon.fr/dp/0004178033,book,Stucke(12) op.59 orgue,"https://images-na.ssl-images-amazon.com/images/I/41N9Espu+0L._SX376_BO1,204,203,200_.jpg","32,22 €","Détails sur le produit
Éditeur : BREITKOPF (1 janvier 2000)
Langue : Anglais
Partition : 60 pages
ISBN-10 : 0004178033
ISBN-13 : 978-0004178035
Poids de l'article : 701 g
Dimensions : 30.5 x 23 x 0.51 cm
Commentaires client :
3 évaluations"
34,https://www.amazon.de/dp/000417805X,book,Fantasie über den Choral 'Ein feste Burg ist unser Gott' op. 27 für Orgel - Breitkopf Urtext (EB 8512),"https://images-na.ssl-images-amazon.com/images/I/418j2w9CkKL._SX366_BO1,204,203,200_.jpg",N/A,N/A
35,https://www.amazon.fr/dp/000417805X,book,Choralfantasie feste burg orgue,"https://images-na.ssl-images-amazon.com/images/I/418j2w9CkKL._SX366_BO1,204,203,200_.jpg",N/A,N/A
36,https://www.amazon.de/dp/0004178084,book,The Keyboard Crocodile: Easy Piano Pieces for Children (EB 8516),"https://images-na.ssl-images-amazon.com/images/I/51R7Vexv+HL._SY344_BO1,204,203,200_.jpg",€17.90,"Product details
Publisher : Breitkopf & Härtel (22 Mar. 1991)
Language : English
Sheet music : 52 pages
ISBN-10 : 0004178084
ISBN-13 : 978-0004178080
Dimensions : 30.6 x 0.6 x 25.2 cm
Best Sellers Rank: 2,117,339 in Books (See Top 100 in Books)
339 in Digital Pianos
76,234 in Music (Books)
1,192,079 in Foreign Language Books
Customer reviews:
4 ratings"
37,https://www.amazon.fr/dp/0004178084,book,The keyboard crocodile piano,"https://images-na.ssl-images-amazon.com/images/I/51R7Vexv+HL._SY344_BO1,204,203,200_.jpg","23,78 €","Détails sur le produit
Éditeur : BREITKOPF (1 janvier 2000)
Langue : Anglais
Partition : 52 pages
ISBN-10 : 0004178084
ISBN-13 : 978-0004178080
Poids de l'article : 220 g
Dimensions : 30.6 x 0.6 x 25.2 cm
Classement des meilleures ventes d'Amazon : 502,546 en Livres (Voir les 100 premiers en Livres)
1,034 en Partitions musicales pour le clavier et synthétiseur
Commentaires client :
4 évaluations"
38,https://www.amazon.de/dp/0004178459,book,Sämtliche Orgelwerke - Breitkopf Urtext (EB 8556),"https://images-na.ssl-images-amazon.com/images/I/517FfI5m-wL._SY376_BO1,204,203,200_.jpg",€23.90,"Product details
Publisher : Breitkopf & Härtel (15 Mar. 1990)
Language : German
Paperback : 64 pages
ISBN-10 : 0004178459
ISBN-13 : 978-0004178455
Dimensions : 23 x 30.5 x 0.45 cm
Best Sellers Rank: 2,480,501 in Books (See Top 100 in Books)
23,927 in Piano, Vocal & Guitar Songbooks
Customer reviews:
3 ratings"
39,https://www.amazon.fr/dp/0004178459,book,Orgelwerke (samtliche) orgue,"https://images-na.ssl-images-amazon.com/images/I/517FfI5m-wL._SY376_BO1,204,203,200_.jpg","30,81 €","Détails sur le produit
Éditeur : BREITKOPF (1 janvier 2000)
Langue : Allemand
Broché : 64 pages
ISBN-10 : 0004178459
ISBN-13 : 978-0004178455
Poids de l'article : 701 g
Dimensions : 23 x 30.5 x 0.45 cm
Commentaires client :
3 évaluations"
40,https://www.amazon.de/dp/0004178491,book,Sämtliche Werke für Orgel und obligates Instrument - Breitkopf Urtext (EB 8560),"https://images-na.ssl-images-amazon.com/images/I/41P45q6xW1L._SY376_BO1,204,203,200_.jpg",€49.66,"Product details
Publisher : Breitkopf & Härtel; Orgel-und Instrumentalstimme edition (15 April 1992)
Language : German
Paperback : 116 pages
ISBN-10 : 0004178491
ISBN-13 : 979-0004178492
Dimensions : 23 x 30.5 x 0.83 cm"
41,https://www.amazon.fr/dp/0004178491,book,"Samtliche werke org,obl.instr.","https://images-na.ssl-images-amazon.com/images/I/41P45q6xW1L._SY376_BO1,204,203,200_.jpg","49,66 €","Détails sur le produit
Éditeur : BREITKOPF (1 janvier 2000)
Langue : Allemand
Broché : 116 pages
ISBN-10 : 0004178491
ISBN-13 : 979-0004178492
Poids de l'article : 1.1 kg
Dimensions : 23 x 30.5 x 0.83 cm"
42,https://www.amazon.de/dp/0004178564,book,LE CROCODILE DU CLAVIER / IL COCCODRILLO... PIANO,"https://images-eu.ssl-images-amazon.com/images/I/51tkSuIyksL._SX198_BO1,204,203,200_QL40_ML2_.jpg",€21.79,"Product details
Publisher : BREITKOPF (1 Jan. 2000)
Language : Italian
ISBN-10 : 0004178564
ISBN-13 : 978-0004178561
Best Sellers Rank: 1,790,686 in Books (See Top 100 in Books)
16,722 in Piano, Vocal & Guitar Songbooks
970,366 in Foreign Language Books
Customer reviews:
48 ratings"
43,https://www.amazon.fr/dp/0004178564,book,LE CROCODILE DU CLAVIER / IL COCCODRILLO... PIANO,"https://images-na.ssl-images-amazon.com/images/I/51tkSuIyksL._SX375_BO1,204,203,200_.jpg","21,91 €","Détails sur le produit
Éditeur : Breitkopf (1 janvier 2000)
Langue : Italien
Broché : 52 pages
ISBN-10 : 0004178564
ISBN-13 : 978-0004178561
Poids de l'article : 500 g
Commentaires client :
50 évaluations"
44,https://www.amazon.de/dp/0004178645,book,MOZART KLAV.KONZ. KADENZEN BD1 PIANO,"https://images-na.ssl-images-amazon.com/images/I/41np634gGDL._SX375_BO1,204,203,200_.jpg",€16.50,"Product details
Publisher : BREITKOPF (1 Jan. 2000)
Language : French
ISBN-10 : 0004178645
ISBN-13 : 978-0004178646"
45,https://www.amazon.fr/dp/0004178645,book,Mozart klav.konz. kadenzen bd1 piano,"https://images-na.ssl-images-amazon.com/images/I/41np634gGDL._SX375_BO1,204,203,200_.jpg",N/A,N/A
46,https://www.amazon.de/dp/000417870X,book,3 Stücke op. 142 für Orgel - 1. Stimmen der Nacht - 2. Violalse mignonne - 3. Romantisch (EB 8584),"https://images-na.ssl-images-amazon.com/images/I/51jcnDzKubL._SX376_BO1,204,203,200_.jpg",€13.90,"Product details
Publisher : Breitkopf & Härtel (31 Oct. 1991)
Language : German
Paperback : 24 pages
ISBN-10 : 000417870X
ISBN-13 : 979-0004178706
Best Sellers Rank: 4,148,927 in Books (See Top 100 in Books)
9,028 in Piano & Keyboards Songbooks"
47,https://www.amazon.fr/dp/000417870X,book,Stucke(3) op.142 orgue,"https://images-na.ssl-images-amazon.com/images/I/51jcnDzKubL._SX376_BO1,204,203,200_.jpg","18,15 €","Détails sur le produit
Éditeur : BREITKOPF (1 janvier 2000)
Langue : Allemand
Broché : 24 pages
ISBN-10 : 000417870X
ISBN-13 : 979-0004178706
Poids de l'article : 401 g"
48,https://www.amazon.de/dp/0004178750,book,"Sancta Maria, mater Dei KV 273 - Breitkopf Urtext - Klavierauszug (EB 8591)","https://images-na.ssl-images-amazon.com/images/I/414Sff4+0WL._SX352_BO1,204,203,200_.jpg",€4.90,"Product details
Publisher : Breitkopf & Härtel (16 Oct. 1992)
Language : German
Sheet music : 12 pages
ISBN-10 : 0004178750
ISBN-13 : 979-0004178751
Best Sellers Rank: 2,562,398 in Books (See Top 100 in Books)
24,731 in Piano, Vocal & Guitar Songbooks"
49,https://www.amazon.fr/dp/0004178750,book,Sancta maria mater dei kv273,"https://images-na.ssl-images-amazon.com/images/I/414Sff4+0WL._SX352_BO1,204,203,200_.jpg",N/A,N/A
50,https://www.amazon.de/dp/0004179943,book,"Variationen über 'Sey gegrüsset, Jesu gütig' für Orgel vierhändig - von J.S. Bach (EB 8630)","https://images-na.ssl-images-amazon.com/images/I/41OBDoeBCTL._SY375_BO1,204,203,200_.jpg",€16.90,"Product details
Publisher : Breitkopf & Härtel (24 Oct. 1996)
Language : German
Sheet music : 32 pages
ISBN-10 : 0004179943
ISBN-13 : 979-0004179949
Best Sellers Rank: 3,169,850 in Books (See Top 100 in Books)
30,190 in Piano, Vocal & Guitar Songbooks
Customer reviews:
1 rating"
51,https://www.amazon.fr/dp/0004179943,book,Variationen uber sei gegrusset,"https://images-na.ssl-images-amazon.com/images/I/41OBDoeBCTL._SY375_BO1,204,203,200_.jpg",N/A,N/A
52,https://www.amazon.fr/dp/0004180542,book,Ausgewaehlte orgelwerke orgue,"https://images-na.ssl-images-amazon.com/images/I/51WmiLzcnOL._SX377_BO1,204,203,200_.jpg",N/A,N/A
53,https://www.amazon.it/dp/0004180542,book,Ausgewählte Orgelwerke (EB 8684),"https://images-na.ssl-images-amazon.com/images/I/51WmiLzcnOL._SX377_BO1,204,203,200_.jpg",N/A,N/A
54,https://www.amazon.de/dp/0004182154,book,70 Aventures Pianistiques avec le petit Monstre Vol. 2 (EB 8788),"https://images-na.ssl-images-amazon.com/images/I/61873CVTaZL._SX373_BO1,204,203,200_.jpg",€13.90,"Product details
Publisher : Breitkopf & Härtel (5 Oct. 2005)
Language : French
Sheet music : 44 pages
ISBN-10 : 0004182154
ISBN-13 : 978-0004182155
Best Sellers Rank: 1,488,637 in Books (See Top 100 in Books)
3,439 in Piano & Keyboards Songbooks
777,462 in Foreign Language Books
Customer reviews:
70 ratings"
55,https://www.amazon.de/dp/0004182170,book,70 Avventure sulla Tastiera con il piccolo Mostro Vol. 2 (EB 8790),"https://images-na.ssl-images-amazon.com/images/I/61t29JLSArL._SX371_BO1,204,203,200_.jpg",€13.90,"Product details
Publisher : Breitkopf & Härtel (5 Oct. 2005)
Language : Italian
Paperback : 44 pages
ISBN-10 : 0004182170
ISBN-13 : 978-0004182179
Best Sellers Rank: 3,707,267 in Books (See Top 100 in Books)
8,263 in Piano & Keyboards Songbooks
2,417,416 in Foreign Language Books
Customer reviews:
14 ratings"
56,https://www.amazon.fr/dp/0004182170,book,70 avventure sulla tastiera con il piccolo m... 2 piano,"https://images-na.ssl-images-amazon.com/images/I/61t29JLSArL._SX371_BO1,204,203,200_.jpg","18,15 €","Détails sur le produit
Éditeur : BREITKOPF (1 janvier 2000)
Langue : Italien
Broché : 44 pages
ISBN-10 : 0004182170
ISBN-13 : 978-0004182179
Poids de l'article : 401 g
Commentaires client :
14 évaluations"
57,https://www.amazon.de/dp/0004182197,book,Orgelwerke Urtext nach der Leipziger Mendelssohn-Gesamtausgabe Band 2: Kompositionen ohne Opuszahlen (EB 8642),"https://images-na.ssl-images-amazon.com/images/I/31TC-AaSuML._SX381_BO1,204,203,200_.jpg",€24.90,"Product details
Publisher : Breitkopf & Härtel (7 Feb. 2006)
Language : German
Sheet music : 124 pages
ISBN-10 : 0004182197
ISBN-13 : 978-0004182193
Dimensions : 30.5 x 23 x 1.01 cm
Best Sellers Rank: 2,544,525 in Books (See Top 100 in Books)
24,535 in Piano, Vocal & Guitar Songbooks"
58,https://www.amazon.fr/dp/0004182197,book,Orgelwerke 2 orgue,"https://images-na.ssl-images-amazon.com/images/I/31TC-AaSuML._SX381_BO1,204,203,200_.jpg","33,62 €","Détails sur le produit
Éditeur : BREITKOPF (1 janvier 2000)
Langue : Allemand
Partition : 124 pages
ISBN-10 : 0004182197
ISBN-13 : 978-0004182193
Poids de l'article : 701 g
Dimensions : 30.5 x 23 x 1.01 cm"
59,https://www.amazon.de/dp/0004182510,book,Messe H-Moll Bwv 232,"https://images-na.ssl-images-amazon.com/images/I/41ck75YdWdL._SX350_BO1,204,203,200_.jpg",N/A,N/A
60,https://www.amazon.fr/dp/0004182510,book,Messe h-moll bwv 232,"https://images-na.ssl-images-amazon.com/images/I/41ck75YdWdL._SX350_BO1,204,203,200_.jpg","17,59 €","Détails sur le produit
Éditeur : BREITKOPF (1 janvier 2000)
Langue : Anglais
Partition : 228 pages
ISBN-10 : 0004182510
ISBN-13 : 978-0004182513
Poids de l'article : 401 g
Dimensions : 27 x 19 x 1.64 cm
Commentaires client :
19 évaluations"
61,https://www.amazon.de/dp/0004182634,book,"Zehn Stücke op. 24 für Klavier - Urtext nach der Gesamtausgabe """"Jean Sibelius Werke"""" (JSW) (EB 8174)","https://images-na.ssl-images-amazon.com/images/I/41jkdT0pD+L._SX375_BO1,204,203,200_.jpg",€21.90,"Product details
Publisher : Breitkopf & Härtel (7 Mar. 2007)
Language : English
Sheet music : 60 pages
ISBN-10 : 0004182634
ISBN-13 : 979-0004182635
Dimensions : 30.5 x 23 x 0.5 cm
Best Sellers Rank: 2,182,075 in Books (See Top 100 in Books)
20,876 in Piano, Vocal & Guitar Songbooks
Customer reviews:
2 ratings"
62,https://www.amazon.fr/dp/0004182634,book,Zehn stucke op. 24 piano,"https://images-na.ssl-images-amazon.com/images/I/41jkdT0pD+L._SX375_BO1,204,203,200_.jpg","29,40 €","Détails sur le produit
Éditeur : BREITKOPF (1 janvier 2000)
Langue : Anglais
Partition : 60 pages
ISBN-10 : 0004182634
ISBN-13 : 979-0004182635
Poids de l'article : 601 g
Dimensions : 30.5 x 23 x 0.5 cm
Classement des meilleures ventes d'Amazon : 1,083,111 en Livres (Voir les 100 premiers en Livres)
3,146 en Partitions musicales pour le clavier et synthétiseur
Commentaires client :
2 évaluations"
63,https://www.amazon.de/dp/0004183614,book,Sämtliche Orgelwerke in 10 Bänden (Neuausgabe) - Breitkopf Urtext Band 6: Clavierübung III / Schübler-Choräle / Canonische Veränderungen über Vom ... Veränderungen über „Vom Himmel hoch“,"https://images-na.ssl-images-amazon.com/images/I/41ATgDQw1iL._SY389_BO1,204,203,200_.jpg",€25.80,"Product details
Publisher : Breitkopf & Härtel (16 Dec. 2010)
Language : English
Sheet music : 156 pages
ISBN-10 : 0004183614
ISBN-13 : 978-0004183619
Dimensions : 25 x 32 x 1.15 cm
Best Sellers Rank: 1,769,183 in Books (See Top 100 in Books)
9,023 in Music Instruction & Study
10,425 in Music Education & Teaching
16,493 in Piano, Vocal & Guitar Songbooks
Customer reviews:
2 ratings"
64,https://www.amazon.fr/dp/0004183614,book,"Samtliche orgelwerke, band 6 orgue","https://images-na.ssl-images-amazon.com/images/I/41ATgDQw1iL._SY389_BO1,204,203,200_.jpg","32,07 €","Détails sur le produit
Éditeur : BREITKOPF (1 janvier 2000)
Langue : Anglais
Partition : 156 pages
ISBN-10 : 0004183614
ISBN-13 : 978-0004183619
Poids de l'article : 701 g
Dimensions : 25 x 32 x 1.15 cm
Commentaires client :
2 évaluations"
65,https://www.amazon.de/dp/0004184289,book,Sonate A-dur op. 13 Bearbeitung für Cello und Klavier (EB 8345),"https://images-na.ssl-images-amazon.com/images/I/31IK8b9ZB6L._SX378_BO1,204,203,200_.jpg",€18.90,"Product details
Publisher : Breitkopf & Härtel (23 Jan. 2012)
Language : German
Sheet music : 60 pages
ISBN-10 : 0004184289
ISBN-13 : 978-0004184289"
66,https://www.amazon.fr/dp/0004184289,book,Sonate a-dur op.13 ausgabe f. violoncello u. klav. violon,"https://images-na.ssl-images-amazon.com/images/I/31IK8b9ZB6L._SX378_BO1,204,203,200_.jpg",N/A,N/A
67,https://www.amazon.de/dp/0004184866,book,Miserere c-moll ZWV 57 - Breitkopf Urtext - Klavierauszug (EB 8049),"https://images-na.ssl-images-amazon.com/images/I/41lP1ABb7ZL._SX350_BO1,204,203,200_.jpg",€9.90,"Product details
Publisher : Breitkopf & Härtel (24 May 2013)
Language : English
Sheet music : 32 pages
ISBN-10 : 0004184866
ISBN-13 : 979-0004184868
Dimensions : 27 x 19 x 0.41 cm
Best Sellers Rank: 1,573,512 in Books (See Top 100 in Books)
55,247 in Music (Books)
Customer reviews:
2 ratings"
68,https://www.amazon.fr/dp/0004184866,book,Miserere c-moll zwv 57,"https://images-na.ssl-images-amazon.com/images/I/41lP1ABb7ZL._SX350_BO1,204,203,200_.jpg","12,66 €","Détails sur le produit
Éditeur : BREITKOPF (1 janvier 2000)
Langue : Anglais
Partition : 32 pages
ISBN-10 : 0004184866
ISBN-13 : 979-0004184868
Poids de l'article : 301 g
Dimensions : 27 x 19 x 0.41 cm
Classement des meilleures ventes d'Amazon : 888,994 en Livres (Voir les 100 premiers en Livres)
219 en Partitions musicales des choeurs
Commentaires client :
2 évaluations"
69,https://www.amazon.de/dp/0004200101,book,STANDCHEN ZOGERN LEISE D921,"https://images-na.ssl-images-amazon.com/images/I/41QPF3oPXyL._SX381_BO1,204,203,200_.jpg",N/A,N/A
70,https://www.amazon.fr/dp/0004200101,book,Standchen zogern leise d921,"https://images-na.ssl-images-amazon.com/images/I/41QPF3oPXyL._SX381_BO1,204,203,200_.jpg",N/A,N/A
71,https://www.amazon.de/dp/0004200128,book,GOTT IST MEIN HIRT (PSALM 23) CHANT -CHANT ET PIANO,"https://images-na.ssl-images-amazon.com/images/I/41SPaqzKOOL._SX381_BO1,204,203,200_.jpg",€8.50,"Product details
Publisher : BREITKOPF (1 Jan. 2000)
Language : French
ISBN-10 : 0004200128
ISBN-13 : 979-0004200124
Dimensions : 30.5 x 23 x 0.14 cm"
72,https://www.amazon.fr/dp/0004200128,book,Gott ist mein hirt (psalm 23) chant -chant et piano,"https://images-na.ssl-images-amazon.com/images/I/41SPaqzKOOL._SX381_BO1,204,203,200_.jpg",N/A,N/A
73,https://www.amazon.de/dp/0004200624,book,2 Motetten op. 29 aus Psalm 51 -für gemischten Chor (PB 3229 ),"https://images-na.ssl-images-amazon.com/images/I/51lQEj988mL._SX374_BO1,204,203,200_.jpg",€13.90,"Product details
Publisher : Breitkopf & Härtel (31 Jan. 1987)
Language : German
Paperback : 20 pages
ISBN-10 : 0004200624
ISBN-13 : 978-0004200620"
74,https://www.amazon.fr/dp/0004200624,book,2 motetten op. 29,"https://images-na.ssl-images-amazon.com/images/I/51lQEj988mL._SX374_BO1,204,203,200_.jpg",N/A,N/A
75,https://www.amazon.it/dp/0004200624,book,2 Motetten op. 29 aus Psalm 51 -für gemischten Chor (PB 3229 ),"https://images-na.ssl-images-amazon.com/images/I/51lQEj988mL._SX374_BO1,204,203,200_.jpg",N/A,N/A
76,https://www.amazon.de/dp/0004200675,book,LIEBESLIEDER OP. 52 CHANT,"https://images-na.ssl-images-amazon.com/images/I/41IWBS1RJHL._SX375_BO1,204,203,200_.jpg",€20.23,"Product details
Publisher : BREITKOPF (1 Jan. 2000)
Language : French
ISBN-10 : 0004200675
ISBN-13 : 978-0004200675"
77,https://www.amazon.fr/dp/0004200675,book,Liebeslieder op. 52 chant,"https://images-na.ssl-images-amazon.com/images/I/41IWBS1RJHL._SX375_BO1,204,203,200_.jpg","16,73 €","Détails sur le produit
Éditeur : BREITKOPF (1 janvier 2000)
Langue : Français
ISBN-10 : 0004200675
ISBN-13 : 978-0004200675
Poids de l'article : 401 g"
78,https://www.amazon.de/dp/0004200756,book,Der Schwan von Tuonela op. 22/2 - Lemminkäinen-Suite Nr. 2 - Studienpartitur (PB 3327),"https://images-na.ssl-images-amazon.com/images/I/51ciRHT35HL._SX364_BO1,204,203,200_.jpg",€8.90,"Product details
Publisher : Breitkopf & Härtel (27 April 1961)
Language : English
Sheet music : 20 pages
ISBN-10 : 0004200756
ISBN-13 : 978-0004200750
Best Sellers Rank: 3,043,472 in Books (See Top 100 in Books)
57,130 in Scores, Songbooks & Lyrics"
79,https://www.amazon.fr/dp/0004200756,book,Der schwan von tuonela op.22/2 orchestre,"https://images-na.ssl-images-amazon.com/images/I/51ciRHT35HL._SX364_BO1,204,203,200_.jpg","10,55 €","Détails sur le produit
Éditeur : BREITKOPF (1 janvier 2000)
Langue : Anglais
Partition : 20 pages
ISBN-10 : 0004200756
ISBN-13 : 978-0004200750
Poids de l'article : 201 g"
80,https://www.amazon.de/dp/0004200764,book,Tapiola op. 112 - Sinfonische Dichtung - Studienpartitur (PB 3328),"https://images-na.ssl-images-amazon.com/images/I/415tGBlWIRL._SX381_BO1,204,203,200_.jpg",€12.90,"Product details
Publisher : Breitkopf & Härtel (28 Jun. 1963)
Language : German
Paperback : 64 pages
ISBN-10 : 0004200764
ISBN-13 : 978-0004200767"
81,https://www.amazon.fr/dp/0004200764,book,"Tapiola. Symphonic Poem for Orchestra, Op.112. Miniature Score (Breitkopf Studienpartitur)","https://images-na.ssl-images-amazon.com/images/I/415tGBlWIRL._SX381_BO1,204,203,200_.jpg",N/A,N/A
82,https://www.amazon.de/dp/0004201183,book,Symphonie Nr. 8 c-moll op. 65 - Studienpartitur (PB 3605),"https://images-na.ssl-images-amazon.com/images/I/51vcsoMXPML._SX366_BO1,204,203,200_.jpg",N/A,N/A
83,https://www.amazon.fr/dp/0004201183,book,"Symphony No.8 in c minor, Op.65. Miniature Score (Breitkopf Studienpartitur)","https://images-na.ssl-images-amazon.com/images/I/51vcsoMXPML._SX366_BO1,204,203,200_.jpg","28,00 €","Détails sur le produit
Éditeur : Breitkopf & Hartel (1 janvier 2000)
Langue : Allemand
Partition : 152 pages
ISBN-10 : 0004201183
ISBN-13 : 978-0004201184
Poids de l'article : 601 g
Commentaires client :
1 évaluation"
84,https://www.amazon.fr/dp/0004201604,book,Lemminkainen op. 22/1 orchestre,"https://images-na.ssl-images-amazon.com/images/I/41Ov-Fg44UL._SX381_BO1,204,203,200_.jpg",N/A,N/A
85,https://www.amazon.it/dp/0004201604,book,Lemminkäinen und die Mädchen auf Saari op. 22/1 - Lemminkäinen-Suite Nr. 1 - Studienpartitur (PB 3777),"https://images-na.ssl-images-amazon.com/images/I/41Ov-Fg44UL._SX381_BO1,204,203,200_.jpg",N/A,N/A
86,https://www.amazon.de/dp/0004201612,book,Lemminkäinen in Tuonela op. 22/3 - Lemminkäinen-Suite Nr. 3 - Studienpartitur (PB 3778),"https://images-na.ssl-images-amazon.com/images/I/41GZx5I39NL._SX360_BO1,204,203,200_.jpg",€11.90,"Product details
Publisher : Breitkopf & Härtel (9 April 1956)
Language : German
Paperback : 60 pages
ISBN-10 : 0004201612
ISBN-13 : 979-0004201619
Dimensions : 22.5 x 16.5 x 0.45 cm
Best Sellers Rank: 3,127,289 in Books (See Top 100 in Books)
29,821 in Piano, Vocal & Guitar Songbooks"
87,https://www.amazon.fr/dp/0004201612,book,Lemminkainen op.22/3 orchestre,"https://images-na.ssl-images-amazon.com/images/I/41GZx5I39NL._SX360_BO1,204,203,200_.jpg",N/A,N/A
88,https://www.amazon.de/dp/0004202406,book,BRANDENBURG. KONZ. 2 F BWV1047 ORCHESTRE,"https://images-na.ssl-images-amazon.com/images/I/41HXkmv93nL._SX380_BO1,204,203,200_.jpg",N/A,N/A
89,https://www.amazon.fr/dp/0004202406,book,Brandenburg. konz. 2 f bwv1047 orchestre,"https://images-na.ssl-images-amazon.com/images/I/41HXkmv93nL._SX380_BO1,204,203,200_.jpg",N/A,N/A
90,https://www.amazon.de/dp/0004206827,book,CONCERT G +CD,"https://images-na.ssl-images-amazon.com/images/I/51r4HYlE5bL._SX348_BO1,204,203,200_.jpg",€13.90,"Product details
Publisher : BREITKOPF (1 Jan. 2000)
Language : French
ISBN-10 : 0004206827
ISBN-13 : 979-0004206829"
91,https://www.amazon.fr/dp/0004206827,book,Concert g +cd,"https://images-na.ssl-images-amazon.com/images/I/51r4HYlE5bL._SX348_BO1,204,203,200_.jpg",N/A,N/A
92,https://www.amazon.de/dp/0004207181,book,GUILLAUME TELL. OUVERTURE ORCHESTRE,"https://images-na.ssl-images-amazon.com/images/I/41lrsKG3OrL._SX389_BO1,204,203,200_.jpg",€32.50,"Product details
Publisher : BREITKOPF (1 Jan. 2000)
Language : French
ISBN-10 : 0004207181
ISBN-13 : 978-0004207186"
93,https://www.amazon.fr/dp/0004207181,book,Guillaume tell. ouverture orchestre,"https://images-na.ssl-images-amazon.com/images/I/41lrsKG3OrL._SX389_BO1,204,203,200_.jpg",N/A,N/A
94,https://www.amazon.de/dp/000420736X,book,L'ARLESIENNE-SUITE NR. 2 ORCHESTRE,"https://images-na.ssl-images-amazon.com/images/I/41ELX18MMVL._SX375_BO1,204,203,200_.jpg",€56.34,"Product details
Publisher : BREITKOPF (1 Jan. 2000)
Language : French
ISBN-10 : 000420736X
ISBN-13 : 979-0004207369"
95,https://www.amazon.fr/dp/000420736X,book,L'arlesienne-suite nr. 2 orchestre,"https://images-na.ssl-images-amazon.com/images/I/41ELX18MMVL._SX375_BO1,204,203,200_.jpg",N/A,N/A
96,https://www.amazon.de/dp/0004208625,book,Violalse triste op. 44/1 - aus der Musik zu 'Kuolema' op. 44 - Studienpartitur (PB 5112),"https://images-na.ssl-images-amazon.com/images/I/51p18SG9qOL._SX358_BO1,204,203,200_.jpg",€7.90,"Product details
Publisher : Breitkopf & Härtel (30 Mar. 1987)
Language : English
Sheet music : 16 pages
ISBN-10 : 0004208625
ISBN-13 : 978-0004208626"
97,https://www.amazon.fr/dp/0004208625,book,Valse triste aus op. 44 orchestre,"https://images-na.ssl-images-amazon.com/images/I/51p18SG9qOL._SX358_BO1,204,203,200_.jpg","15,42 €","Détails sur le produit
Éditeur : BREITKOPF (1 janvier 2000)
Langue : Anglais
Partition : 16 pages
ISBN-10 : 0004208625
ISBN-13 : 978-0004208626
Poids de l'article : 201 g"
98,https://www.amazon.de/dp/0004209508,book,VIER QUARTETTE OP. 92,"https://images-na.ssl-images-amazon.com/images/I/41BJ+CovYvL._SX375_BO1,204,203,200_.jpg",€14.90,"Product details
Publisher : BREITKOPF (1 Jan. 2000)
Language : French
ISBN-10 : 0004209508
ISBN-13 : 978-0004209500"
99,https://www.amazon.fr/dp/0004209508,book,Vier quartette op. 92,"https://images-na.ssl-images-amazon.com/images/I/41BJ+CovYvL._SX375_BO1,204,203,200_.jpg",N/A,N/A
